{
  "definitions": {},
  "$schema": "http://json-schema.org/draft-07/schema#",
  "$id": "http://example.com/root.json",
  "type": "object",
  "title": "The Root Schema",
  "required": [
    "userId",
    "albumId"
  ],
  "properties": {
    "userId": {
      "$id": "#/properties/userId",
      "type": "string",
      "title": "The Userid Schema",
      "default": "",
      "examples": [
        "1"
      ],
      "pattern": "^(.*)$"
    },
    "albumId": {
      "$id": "#/properties/albumId",
      "type": "string",
      "title": "The Albumid Schema",
      "default": "",
      "examples": [
        "2"
      ],
      "pattern": "^(.*)$"
    }
  }
}